지역구,주소
종로구,서울특별시 종로구 신문로1가 1-1번지
종로구,서울특별시 종로구 내자동 61-1번지
종로구,서울특별시 종로구 혜화동 93번지
종로구,서울특별시 종로구 창신동 464-16번지
종로구,서울특별시 종로구 동숭동 28번지
종로구,서울특별시 종로구 연건동 78-2번지
종로구,서울특별시 종로구 명륜4가 187번지
종로구,"서울 종로구 율곡로271,(종로6가) 1층"
종로구,서울특별시 종로구 삼청동 22번지
종로구,서울특별시 종로구 신교동 36번지 수만빌리지
종로구,서울특별시 종로구 종로31길 54 아르젠오피스텔 101호
종로구,서울특별시 종로구 관철동 14-10번지
종로구,서울특별시 종로구 필운동41번지
종로구,서울특별시 종로구 와룡동25번지
종로구,서울특별시 종로구 인사동255-5번지  1호 1층 103호
종로구,서울특별시 종로구 원서동45번지
종로구,서울특별시 종로구 평창동97-9번지
종로구,서울특별시 종로구 행촌동210-113번지
종로구,서울 종로구 홍지동 94-2 1층
종로구,서울 종로구 필운대로 39(누하동 57-2)
종로구,"서울 종로구 난계로 259, 101호 (숭인동 1367, 경일오피스텔)"
종로구,서울 종로구 도렴동 110-1번지 103호
종로구,서울특별시 종로구 계동(가회동) 115-1
종로구,서울특별시 종로구 종로2가(종로1.2.3.4가동) 44
종로구,서울특별시 종로구 종로6가(종로5.6가동) 238-6
종로구,서울특별시 종로구 종로6가(종로5.6가동) 247-1
종로구,서울특별시 종로구 창신동(창신1동) 154-1
종로구,서울특별시 종로구 충신동(종로5.6가동) 52-2
종로구,명륜동2가 135
종로구,서울 종로구 필운동 163
종로구,인사동 131-101
종로구,혜화동 111-7
종로구,서울시 종로구 평창동 343-1
종로구,서울시 종로구 동숭길 143 1층 101호
종로구, 서울시 종로구 숭인동(숭인2동) 178-142
중구,남대문로5가 84-6번지
중구,남대문로3가 85번지
중구,서울특별시 중구 회현동3가 1-9번지
중구,서울특별시 중구 순화동 1-104번지
중구,서울 중구 서애로21 1층
중구,서울특별시 중구 회현동1가 190번지
중구,서울특별시 중구 흥인동 156번지
중구,서울특별시 중구 신당동 336-3번지
중구,서울특별시 중구 신당동 387-3번지
중구,서울 중구 북창동 98
중구,서울 중구 신당동 843 삼성@ 2동B 101호
중구,서울특별시 중구 서소문동(소공동) 21-1
중구,서울특별시 중구 남산동2가(명동) 27-1
중구,서울특별시 중구 신당동(약수동) 348-152
중구,서울특별시 중구 신당동(약수동) 368-67
중구,서울특별시 중구 충무로5가(필동) 85-4
중구,남대문로5가6-23 24번지
중구,남대문로5가 21-1번지 신남문 빌딩
중구,회현동2가87 B-102호
중구,서울시 중구 장충동2가 193-239
중구,을지로2가 195-3번지 한양빌딩 103호
중구,명동2가2-17
중구,충무로1가소공로 66 101호
중구,서소문동 57-7 대건빌당 101
중구,충무로2가62-10 청방빌딩 1층
중구,초동16-9
중구,서울특별시 중구 명동2가 남대문로 68  1층2층
중구,충무로4가 132-3
중구,"서울 중구 남대문로 7 (남대문로4가 17-10, 흥국생명남대문2호별관1층)"
중구,"서울 중구 동호로17길 295, 1층 일부 (신당동 366-440)"
중구,"서울 중구 청계천로 318, 가동 1층 53호 (신당동 217-92, 동평화의류상가)"
중구,서울특별시 중구 신당동347-332번지
중구,서울 중구 무교동 21-3(정오빌딩)
중구,서울 중구 중림동 244 충정로 삼성APT 상가 103
중구,서울 중구 예장동 8-35
중구,서울 중구 황학동 마장로 89
중구,서울 중구 광희동2가 퇴계로 330-1
용산구,서울특별시 용산구 청파동3가 135-9번지
용산구,서울특별시 용산구 한강로2가 93-4번지 108호
용산구,서울특별시 용산구 보광동 22-1번지
용산구,서울특별시 용산구 신창동 59-4번지
용산구,서울특별시 용산구 원효로4가 117-8번지
용산구,서울특별시 용산구 삼개로 60
용산구,서울특별시 용산구 한강로2가 2-11번지 한강로대우아이빌
용산구,서울 용산구 이태원로 54길 11
용산구,서울특별시 용산구 한남동 795-2번지 102호
용산구,서울특별시 용산구 용산동2가 39-16번지
용산구,서울특별시 용산구 원효로3가 56-4번지
용산구,서울특별시 용산구 원효로2가 1-55번지
용산구,서울특별시 용산구 이태원동 368-4번지
용산구,서울특별시 용산구 이태원동 20-5번지
용산구,서울특별시 용산구 한강로2가 2-8번지 벽산메가트리움 104동 201호
용산구,서울특별시 용산구 이촌동300-23번지 한강맨숀
용산구,"서울 용산구 장문로45길 73, 1층(보광동 264-52)"
용산구,서울 용산구 갈월동 53-19그린빌파크101-B
용산구,서울 용산구 이촌로72길 62 (이촌동 302-17)
용산구,서울 용산구 이촌동 362-1번지
용산구,청파로395
용산구,한강로3가(한강로동) 63-389
용산구,원효로2가(원효로1동) 80-19
용산구,"이촌로 303 현대A 제21동 제104호-나호, 제105호-가호"
용산구,"산천동 77-4, 78-1, 79"
용산구,서계동237-7
용산구,한강로3가40-999 IPark Mall 3층 980호
용산구,문배동 24-21 용산아크로타워 103
용산구,후암동105-64
용산구,한남동 28-11
용산구,서울 용산구 청파로73길 7 1층
용산구,서울 용산구 보광동 238-1
용산구,서울 용산구 이촌로14길 11-6 101호
용산구,서울 용산구 청파동2가 청파로 47나길 35
성동구, 마장동 768-1번지 안민빌딩 109호
성동구, 장터길 34
성동구, 도선동 14번지 신한넥스텔 102호
성동구, 도선동 148번지 외 2필지
성동구, 행당동 4-11번지
성동구, 금호1가동128-1번지
성동구, 성덕정길 128(성수2가1동 223-11)
성동구, 사근동 190-11
성동구," 왕십리로 지하 374, 207-02호(하왕십리동, 상왕십리역)"
성동구," 매봉길 13, 404호 (옥수동, GS25 옥수리버젠)"
성동구, 사근동길 10(행당1동 16-15)
성동구, 사근동길 42(사근동 301-3)
성동구," 행당로6길 2, 1층101,102호  (금호동1가, 종합사회복지관상가동)"
성동구, 용답동(용답동) 152-9
성동구, 금호동3가(금호2.3가동) 1286
성동구, 도선동(왕십리도선동) 4-3
성동구, 성수동1가(성수1가2동) 13-104
성동구, 성수동2가(성수2가1동) 308-4
성동구, 성수동2가(성수2가3동) 289-1
성동구, 성수동2가(성수2가3동) 289-10
성동구, 성수동2가 228-1
성동구, 하왕십리동985-9
성동구, 행당동 4-27
광진구,서울특별시 광진구 능동로13길 69(화양동 33-40)
광진구,서울특별시 광진구 화양동23-7(동일로 174 )
광진구,서울특별시 광진구 군자동 98번지 세종대학 생 학생회관 내
광진구,서울특별시 광진구 중곡동121-43번지
광진구,서울시 광진구 면목로17길 6(중곡동 559-4)
광진구,서울특별시 광진구 광장동 285-7번지
광진구,서울시 광진구 구의동 239-107
광진구,서울특별시 광진구 구의동 246-14번지 크레신타워3차
광진구,서울특별시 광진구 자양동 606-17번지
광진구,서울특별시 광진구 자양동 792번지 자양현대홈타운10차아파트 현대홈타운 상가동 101호
광진구,서울 광진구 동일로18길 11(자양4동)
광진구,서울 광진구 광나루로24길 14(화양동 495-17)-인서점 옆 
광진구,"서울 광진구 능동로13길 15, 1층(화양동 11-1)"
광진구,"서울 광진구 군자로3길 14, 1층(화양동 15-20)"
광진구,서울 광진구 군자로 141(군자동 48-24)
광진구,"서울 광진구 자양로51길 22, 1층 (구의동 28-40, 성보빌딩)"
광진구,"서울 광진구 아차산로39길 16, 1층(자양1동 225-90)"
광진구,서울 광진구 자양동 631번지
GS25,"서울 광진구 뚝섬로52라길 3, 1층(자양2동 639-11)"
GS25,"서울 광진구 뚝섬로50길 16, 1층(자양2동 604-3)"
광진구,광진구 아차산로 502 (광장동) 
광진구,광진구 아차산로51길 62 (구의1동) 
광진구,광진구 뚝섬로 644 (자양2동)
광진구,광진구 (자양3동) 427-13
광진구,광진구 (자양3동) 427-28
광진구,광진구 (자양4동) 99-2
광진구,서울 광진구 능동로 143(화양동 3-21)
광진구,서울 광진구 동일로22길 59(화양동 47-67)
광진구,서울특별시 광진구 자양로 281 누리빌딩1층
광진구, 서울시 광진구 능동로 442 (중곡3동)
광진구, 서울시 광진구 용마산로8가길 25 (중곡4동)
광진구, 서울시 광진구 강변역로 50 (구의3동)
동대문구,서울특별시 동대문구 용두동 52-1번지
동대문구,서울특별시 동대문구 용두동 24-1번지 2호
동대문구,서울특별시 동대문구 제기동 137-45번지
동대문구,서울시 동대문구 회기로14 어진재 1층 101호
동대문구,서울특별시 동대문구 답십리동 765번지
동대문구,서울특별시 동대문구 답십리동 497-1번지
동대문구,서울특별시 동대문구 신설동 98-32번지 교보재단빌딩
동대문구,서울특별시 동대문구 신설동 97-8번지 102호
동대문구,"서울특별시 동대문구 천호대로27길 8-5, (용두동) 1층"
동대문구,서울특별시 동대문구 용두동 233-14번지
동대문구,서울특별시 동대문구 용두동 730-1번지
동대문구,서울특별시 동대문구 용두동 792-3번지 삼성래미안허브리츠단지 상가 101호
동대문구,서울 동대문구 이문동 299-7
동대문구,서울특별시 동대문구 장안동 385-1번지
동대문구,서울시 동대문구 제기로6길 4(제기동 138-14)
동대문구,서울특별시 동대문구 휘경동 319-13번지
동대문구,서울특별시 동대문구 장안동466-5번지 장안푸르미에
동대문구,서울특별시 동대문구 용두동102-117번지
동대문구,"서울 동대문구 한천로17길 23, 1층(답십리2동 4-73)"
동대문구,서울 동대문구 천호대로31길 50(용두동 39-419)
동대문구,서울 동대문구 장안동 305-1
동대문구,서울 동대문구 장한로6길 42(장안1동 459-1)
동대문구,"서울 동대문구 장한로17길 9 (장안1동 375-8, 장안동공감대빌딩)"
동대문구,"서울 동대문구 사가정로13가길 29, 1층(전농2동 53-21)"
동대문구,"서울 동대문구 제기로20길 32, 정화슈퍼(제기동 314)"
동대문구,"서울 동대문구 경희대로 23, 문화복지시설 101호 (회기동 1-5, 전면플라자)"
동대문구,서울 동대문구 장한로17길 9
동대문구,서울 동대문구 한빛로 24(신설동 25-1)
동대문구,서울 동대문구 고산자로28길 39
동대문구,서울 동대문구 장한로6길 42
동대문구,서울 동대문구 전농로38길 89 (휘경동 312-11)
동대문구,서울특별시 동대문구 장안동(장안1동) 374-11
동대문구,서울특별시 동대문구 장안동(장안1동) 384-3
동대문구,서울특별시 동대문구 장안동(장안1동) 403-1
동대문구,서울특별시 동대문구 회기동(회기동) 39-4
동대문구,서울 동대문구 휘경동 57-3 주공아파트 상가 103호
동대문구,서울 동대문구 회기동 16-92
동대문구,이문2동 264-326
동대문구,제기동137-37
동대문구,서울특별시 동대문구 장한로22길 19  (장안동)
동대문구,서울 동대문구 답십리동 244-1
동대문구,서울특별시 동대문구 이문로 203  1층
동대문구,서울 동대문구 신설동 76-25
동대문구,서울 동대문구 제기동 1158-33
동대문구,서울특별시 동대문구 이문동 82-13
동대문구,서울특별시 동대문구 장한로 91  1층 109호(장안동 373-3)
동대문구,장안동359-1
동대문구,서울특별시 동대문구 장안동 천호대로79길 30 1층
동대문구,서울 동대문구 전농동 645상가 101.102
동대문구,서울시 동대문구 이문동 346-5
중랑구,서울특별시 중랑구 면목동 409-47번지
중랑구,서울특별시 중랑구 면목동 104-14번지
중랑구,서울시 중랑구 상봉2동 79-2번지
중랑구,서울특별시 중랑구 망우동135-4번지 대원빌라
중랑구,서울특별시 중랑구 묵동172-26번지 영광주택 101호
중랑구,"서울특별시 중랑구 망우로 504, 1층"
중랑구,서울특별시 중랑구 망우로68길 56(망우동)
중랑구,서울 중랑구 용마산로112길 37 (망우본동 366-4)
중랑구,"서울 중랑구 용마산로99길 9, 1층 코너(망우3동 531-24)"
중랑구,서울 중랑구 묵1동 176-1
중랑구,"서울 중랑구 면목로56길 30(면목3.8동 428-4, 햇님놀이방)"
중랑구,서울 중랑구 용마산로94길 31 (면목3.8동 46-12)
중랑구,서울 중랑구 용마산로 308(면목7동 527-35)
중랑구,서울 중랑구 면목동 178-30
중랑구,"서울 중랑구 신내동 646 금강리빙스텔 104,105호"
중랑구,서울 중랑구 면목동 497-16
중랑구,"서울 중랑구 신내로7가길 35, 상가동 104,105호 (상봉1동 495, 동부건영아파트)"
중랑구,서울 중랑구 봉화산로56길 60(신내1동 410-9)
중랑구,서울특별시 중랑구 망우로 312-1
중랑구,"서울 중랑구 용마산로 248, 제B02호,제B03호(면목7동 1502-2)"
중랑구,"서울 중랑구 면목로69길 16, 101동 103호"
중랑구,"서울 중랑구 동일로136길 10, 102~4호(중화1동 286-22, 청원다미소)"
중랑구,"서울 중랑구 망우로30길 3,  1층 110호(상봉2동 130-3, 뉴월드극장상가)"
중랑구,서울특별시 중랑구 망우동(망우본동) 341-22
중랑구,서울특별시 중랑구 망우동(망우본동) 403-60
중랑구,서울특별시 중랑구 상봉동(상봉2동) 88-25
중랑구,서울특별시 중랑구 신내동(신내1동) 613-71
중랑구,서울 중랑구 망우동 183 1층
중랑구,서울 중랑구 망우동 340-22
중랑구,서울특별시 중랑구 면목동 618-1
중랑구,서울특별시 중랑구 면목동 185-9 1층
중랑구,서울특별시 중랑구 겸재로3길 5  1층(면목동)
중랑구,서울특별시 중랑구 망우로50길 25  (상봉동)
성북구,서울특별시 성북구 안암동5가 126-1번지
성북구,서울특별시 성북구 하월곡동 73-21번지
성북구,서울특별시 성북구 동선동1가 100번지
성북구,서울 성북구 삼선교로 16길 48
성북구,서울특별시 성북구 성북동 184-48번지
성북구,서울특별시 성북구 동소문동6가 116번지
성북구,서울특별시 성북구 정릉동 966-101번지
성북구,서울특별시 성북구 종암동 34-6번지
성북구,서울특별시 성북구 보문동2가75-15번지
성북구,서울 성북구 종암동 31-46
성북구,"서울 성북구 삼양로13길 45, 111,112호(길음동 1281-6, 길음뉴타운)"
성북구,서울 성북구 길음동 1284 상가B동 19호
성북구,서울 성북구 종암동 10-178 동진상가 107호
성북구,서울 성북구 석관동 124-34
성북구,"서울 성북구 보문로32길 69, 1층 (동선동2가 142-3)"
성북구,서울 성북구 보문로34길 88 (동선동2가 154)
성북구,"서울 성북구 보문로30가길 12, 1층 (안암동1가 47-2)"
성북구,서울 성북구 정릉동 413-16
성북구,서울 성북구 삼선동1가 266 1층
성북구,"서울 성북구 화랑로13길 42, 101호"
성북구,"서울 성북구 돌곶이로 46, 1층"
성북구,"서울 성북구 돌곶이로8바길 39, 1층 (석관동 67-18)"
성북구,"서울 성북구 화랑로33길 39, 1층(장위2동 66-9)"
성북구,서울 성북구 삼선교로18나길 26(삼선동5가 73-3)
성북구,서울 성북구 석관2동  341-16
성북구,서울특별시 성북구 장위동(장위1동) 231-590
성북구,서울특별시 성북구 장위동(장위1동) 238-122
성북구,서울특별시 성북구 정릉동(정릉4동) 266-390
성북구,서울특별시 성북구 안암동5가(안암동) 100-9
성북구,보문동7가 23-27
성북구,서울 성북구 삼선동4가 204-3
성북구,서울 성북구 삼선동5가 409번지
성북구,동선동3가212-1
성북구,서울특별시 성북구 동선동3가 234번지 101호
성북구,서울특별시 성북구 하월곡동 오패산로17길 40
성북구,서울특별시 성북구 정릉로 326 1층(정릉동)
성북구,서울 성북구 정릉동 45-39 1층
성북구,서울시 성북구 동소문로 26가길 40 1층
성북구,서울시 성북구 한천로 509 101-102호
성북구,서울시 성북구 돈암동 535 돈암코오롱하늘채아파트 상가동 102호
성북구, 서울시 성북구 장위동(장위1동) 238-198
성북구, 서울시 성북구 정릉동(정릉3동) 372-7 
강북구,서울특별시 강북구 미아동 734-286번지
강북구,서울특별시 강북구 미아동 138-68번지 미아대양점
강북구,서울특별시 강북구 미아동 450-64번지
강북구,서울특별시 강북구 미아동 838-8번지
강북구,서울특별시 강북구 미아동 8-144번지
강북구,"서울 강북구 한천로120길 2, 제103호,104호"
강북구,서울특별시 강북구 미아동 791-1622번지
강북구,서울특별시 강북구 번동 461-80번지
강북구,서울특별시 강북구 수유동 468-78번지
강북구,서울특별시 강북구 수유동 281-40번지
강북구,서울 강북구 도봉로67길 50(삼양동 791-17)
강북구,서울 강북구 수유동 409 창성빌딩
강북구,"서울 강북구 도봉로83길 20, 1층, 102,103,104호  (수유동 229-18, 동양빌딩)"
강북구,서울 강북구 노해로27길 21 (수유동 252-40)
강북구,서울특별시 강북구 미아동(미아동) 217-2
강북구,서울특별시 강북구 미아동(삼각산동) 693
강북구,서울특별시 강북구 번동(번1동) 446-1
강북구,서울특별시 강북구 번동(번1동) 447-51
강북구,서울특별시 강북구 수유동(수유3동) 1-60
강북구,서울특별시 강북구 수유동(수유3동) 223-1
강북구,서울특별시 강북구 수유동(수유3동) 230-7
강북구,서울특별시 강북구 번동(번1동) 412-52
강북구,서울특별시 강북구 삼양로19길 25 107동 지하 1층 3-2호
강북구,번동526-13
강북구,수유동 338-6
강북구,수유동 410-130
강북구,수유동 730 수유삼성아파트 가동 112호
강북구,서울특별시 강북구 수유동 36-1번지 1층 
강북구,수유동 252-122
강북구,미아3동160-11
강북구,수유동 47-4
강북구,미아동 162-48
강북구,번동 464-1번지 1층 1호
강북구,서울시 강북구 삼양로 73길 36 (수유동)
강북구,서울 강북구 수유동 50-1
강북구,서울시 강북구 삼양로 24길 19 101동 상가 103호
강북구, 서울시 강북구 미아동 304-20
도봉구,서울특별시 도봉구 쌍문동 423-7번지
도봉구,서울특별시 도봉구 도봉동 554-16번지 호정빌라트
도봉구,서울특별시 도봉구 방학동 619번지
도봉구,서울특별시 도봉구 쌍문동 460-234번지
도봉구,서울특별시 도봉구 쌍문동 79-15번지
도봉구,서울특별시 도봉구 쌍문동 294-38번지
도봉구,서울특별시 도봉구 쌍문동 122-53번지
도봉구,도봉구 해등로25길 32 한양프라자
도봉구,서울특별시 도봉구 창동 254-23번지
도봉구,서울특별시 도봉구 창동 674-27번지
도봉구,서울특별시 도봉구 창동 603-73번지
도봉구,서울특별시 도봉구 창동 5-1번지 KING프라자
도봉구,서울특별시 도봉구 창동 815번지 현대아이2차아파트
도봉구,서울 도봉구 방학2동 603-28
도봉구,서울 도봉구 쌍문동 667 1층
도봉구,서울 도봉구 도봉로 106길 86
도봉구,"서울 도봉구 도당로 133, 1층 (방학동 657-12)"
도봉구,"서울 도봉구 시루봉로 88, 14(쌍문4동 248-2, 성원프라자)"
도봉구,도봉구 방학동 도당로27길 43 1층
도봉구,서울특별시 도봉구 도봉산길 12  
도봉구,서울특별시 도봉구 도봉로108길 84  1층(창동)
도봉구,방학동 665
도봉구,쌍문동 713-31
도봉구,쌍문동344
도봉구,서울 도봉구 창동 38-2
도봉구,창동 593-12
도봉구,서울시 도봉구 쌍문동 423-19번지
도봉구,서울시 도봉구 쌍문동 우이천로 367
노원구,서울특별시 노원구 공릉동 408-4번지
노원구,서울특별시 노원구 공릉동 568-1번지
노원구,서울특별시 노원구 상계동 443-9번지
노원구,서울특별시 노원구 상계동 763-6번지
노원구,서울특별시 노원구 상계동 994번지 명안빌딩
노원구,"서울특별시 노원구 상계동 단대아파트상가 107, 108호"
노원구,서울 노원구 공릉동 120-5
노원구,서울특별시 노원구 상계동 1120-1번지
노원구,서울 노원구 한글비석로 8길 41 주공아파트 1층 101호
노원구,서울시 노원구 하계1동 170-41
노원구,서울특별시 노원구 하계동 256-13번지
노원구,서울특별시 노원구 상계동1008-34번지
노원구,서울 노원구 월계동 68-65 1층
노원구,"서울 노원구 상계로23다길 13-8, 101동 118,119호(상계2동 1318, 노원아이파크)"
노원구,서울 노원구 노원로28길 73(상계2동 183)
노원구,"서울 노원구 동일로237길 46, 1층(상계1동 1048-6)"
노원구,"서울 노원구 월계로45길 28, 1층(월계2동 562, 월계아파트형공장)"
노원구,"서울 노원구 동일로190길 26, 1층 (공릉1동 502-3)"
노원구,"서울 노원구 마들로3길 37,  104호(월계3동 322-1, 성원아파트4단지)"
노원구,"서울 노원구 섬밭로 134(공릉1동 727, 풍림아파트114동105호,106호)"
노원구,서울 노원구 한글비석로20길 46(중계4동 138-1)
노원구,서울특별시 노원구 공릉동 공릉로38길 17
노원구,공릉동 633-15
노원구,월계동411-13
노원구,서울특별시 노원구 한글비석로 436-1  
노원구,상계동322-56
노원구,"서울특별시 노원구 동일로217가길 11 102,103호"
노원구,서울특별시 노원구 상계동  711-13 제1층중1층  
노원구,상계동 323-9
노원구,서울 노원구 상계동 상계로 283 (1층상가)
노원구,상계동 735-6
노원구,서울특별시 노원구 덕릉로60길 234  
노원구,중계동362-3 중계8단지주공@ 상가동 105호
노원구,중계동366-6
노원구,중계동359-15 102호
은평구,서울특별시 은평구 서오릉로 20길 20-1
은평구,서울특별시 은평구 진관동29번지 은평뉴타운구파발 상가 구파발 1028동 102호
은평구,서울특별시 은평구 불광동268-3번지 1층
은평구,서울특별시 은평구 응암동732-9번지 응암동  상가 1층
은평구,서울특별시 은평구 갈현동463-18번지 건물 코너 1층
은평구,"서울 은평구 서오릉로17길 17, 1층 (구산동 368-55)"
은평구,서울 은평구 녹번동 117-61
은평구,"서울 은평구 통일로 750 (불광1동 267-1, 경일빌딩)"
은평구,"서울 은평구 진흥로1길 49, 1층(역촌동 23-1)"
은평구,"서울 은평구 연서로26길 11, 1층 (대조동 196-25, 유진빌딩)"
은평구,"서울 은평구 연서로21길 24-1, 1층(갈현2동 486-22)"
은평구,"서울 은평구 연서로27길 14, 1층 (갈현2동 454-27, 영화빌딩)"
은평구,서울 은평구 역촌동 85-41 리더스파크 109호
은평구,"서울 은평구 불광동 1-200 북한산래미안 상가동 지층 1,2호"
은평구,"서울 은평구 연서로 289, 1층"
은평구,"서울 은평구 연서로 274, 1층"
은평구,"서울 은평구 연서로28길 6, 1층(대조동 198-3)"
은평구,서울 은평구 통일로85길 6
은평구,"서울 은평구 갈현로4길 26, 1층"
은평구,서울 은평구 진관3로 15-35
은평구,"서울 은평구 진관2로 77, 206동 B108호"
은평구,"서울 은평구 은평터널로7길 2, 상가 지하 2호"
은평구,"서울 은평구 갈현로25길 14, 1층 101호"
은평구,"서울 은평구 통일로 796, 116, 117호"
은평구,"서울 은평구 진관4로 37, 101호"
은평구,서울특별시 은평구 대조동(대조동) 196-8
은평구,서울특별시 은평구 통일로78길 12-4  (불광동)
은평구,서울 은평구 불광동 301-23
은평구,서울 은평구 신사동 12-15
은평구,서울특별시 은평구 응암동 745-16 정훈빌딩 1층
은평구,서울시 은평구 불광동 312-129
은평구,서울시 은평구 연서로9길14(구산동)
은평구,서울시 은평구 응암동 579-7
서대문구,독립문공원길 17 독립문극동아파트(현저동) 103동 옆 상가
서대문구,경기대로48(충정로2가 188-1)
서대문구,연희로 126(연희동)
서대문구,연희맛로 38(연희동)
서대문구,연희로5길 66(연희동)
서대문구,가좌로 31(연희동)
서대문구,통일로37길 18(홍제동)
서대문구,통일로39길 22(홍제동)
서대문구,홍제동451-18번지(홍제동)
서대문구,증가로 264(북가좌동)
서대문구,거북골로 223(북가좌동)
서대문구,거북골로 170(북가좌동)
서대문구,증가로12나길 101(북가좌2동)
서대문구,연세로11길 16(창천동)
서대문구,연세로9길 8(창천동)
서대문구,연세로4길 12(창천동)
서대문구,연대동문길 26(대신동)
서대문구,봉원사길6 화인빌딩 1층(대신동)
서대문구,이화여대길 52 이화여자대학교 ECC 지하 4층(대현동)
서대문구,이화여대길 7(대현동)
서대문구,이화여대3길 6(대현동)
마포구,서울시 마포구 월드컵로 139 (망원동)
마포구,서울시 마포구 월드컵로 36길 18 삼라마이다스 101호
마포구,"서울시  마포구 성암로3길 14,1층(중동)"
마포구,서울특별시 마포구 망원동 431-43번지
마포구,서울시 마포구 월드컵로 83 (망원동)
마포구,서울시 마포구 망원로 95
마포구,서울시 마포구 월드컵북로 381 (상암동) 111
마포구,서울특별시 마포구 서교동 370-18번지
마포구,서울특별시 마포구 서교동 459-1번지
마포구,서울시 마포구 양화로 133
마포구,서울특별시 마포구 노고산동 56-74번지
마포구,서울특별시 마포구 합정동 395-1번지
마포구,서울특별시 마포구 마포대로 195 상가4동
마포구,서울특별시 마포구 염리동 155-11번지
마포구,서울특별시 마포구 망원동 462-14번지
마포구,서울특별시 마포구 합정동 412-8번지
마포구,서울특별시 마포구 서교동 328-13번지
마포구,서울특별시 마포구 상암동1687번지 상암프라자 1층 105호
마포구,서울특별시 마포구 연남동256-6번지
마포구,서울특별시 마포구 신공덕동12-6번지 2층 201호
마포구,서울 마포구 도화 344
마포구,서울 마포구 성산동 260-39
마포구,"서울 마포구 상암동 1752상암월드컵파크9단지104,5호"
마포구,서울 마포구 동교로17안길 51 (서교동 448-25)
마포구,서울 마포구 연남동 257-23
마포구,서울 마포구 월드컵북로6길 69(연남동 567-11)
마포구,서울 마포구 동교동 154-1
마포구,"서울 마포구 도화4길 88, 1층 (도화동 347-60)"
마포구,"서울 마포구 양화로 59, 1층 우측면 (서교동 393-5)"
마포구,"서울 마포구 상암산로1길 92, 상가 101호 (상암동 1660, 월드컵파크7단지)"
마포구,"서울 마포구 포은로 42, 1층(합정동 434-8)"
마포구,서울 마포구 성미산로 112(연남동 504-1)
마포구,서울특별시 마포구 상암동(상암동) 482-250
마포구,서울특별시 마포구 상암동(상암동) 487-332
마포구,당인동 12-1
마포구,노고산동 49-22
마포구,서울특별시 마포구 서교동 381-13
마포구,도화동 563 마포아크로타워 101
마포구,연남동 252-1
마포구,망원동431-55
마포구,상암동 DMC부지내 A3블록 104
마포구,서교동 351-9 승원빌딩 1층
마포구,"서교동 401-10, 8"
마포구,서교동 375-31
마포구,서교동 394-67 삼양빌딩 1층
마포구,서교동 394
마포구,서교동 408-7 1층 코너
양천구,서울시 양천구 목3동 641-1
양천구,서울특별시 양천구 목동중앙남로5길 46
양천구,서울특별시 양천구 신월동 94-9번지 효성
양천구,서울특별시 양천구 신월동 514-17번지
양천구,서울특별시 양천구 목동 911-1번지
양천구,서울특별시 양천구 목동408-53번지
양천구,서울특별시 양천구 목동961번지 하이페리온2차
양천구,서울특별시 양천구 신정4동912-11번지
양천구,"서울 양천구 목동중앙북로7가길 61, 106호(목3동 613-1, 목동 RICH SQUARE)"
양천구,서울 양천구 목동 907-5 103
양천구,서울 양천구 중앙로55길 28(신월2동 457-13)
양천구,서울 양천구 중앙로54길 21(신정4동 932-9)
양천구,서울특별시 양천구 신월동(신월4동) 530-7
양천구,서울특별시 양천구 신정동(신정3동) 1032-10
양천구,서울특별시 양천구 신정동(신정4동) 904-8
양천구,서울 양천구 목동 목동동로 431 목동우방빌딩 104
양천구,신정동 330
양천구,신정동 신월로 321
양천구,서울특별시 양천구 신정동 326 목동신시가지아파트상가 A동 112
양천구,서울시 양천구 신월동 549-1
구로구,서울특별시 구로구 오류동 46-1번지 이좋은집
구로구,서울특별시 구로구 구로동 235번지
구로구,서울특별시 구로구 구로동1128-3번지
구로구,서울특별시 구로구 구로동197-13번지 이앤씨벤처드림타워5차
구로구,서울특별시 구로구 구로동197-12번지
구로구,서울 구로구 고척로33길 60 (고척2동 241-129)
구로구,서울 구로구 구로동 615-3 STX-W타워 103호
구로구,서울 구로구 우마길 1 (가리봉동 122-21)
구로구,서울 구로구 고척로19길 16(개봉1동 62-19)
구로구,"서울 구로구 디지털로32가길 72, 101호 (구로3동 1129-18)"
구로구,서울 구로구 신도림동 399 기임빌딩 101
구로구,서울 구로구 구로동 685-215 상가동 103
구로구,서울 구로구 신도림동 641 1층 (現현대마트)
구로구,서울 구로구 공원로6가길 52(구로5동 33-1)
구로구,"서울 구로구 오류로8길 6, 다동 102호 (오류2동 156-100, 새마을금고회관)"
구로구,서울 구로구 경인로15길 80-4 (오류1동 4-1)
구로구,서울 구로구 디지털로 300 (구로3동 188-25)
구로구,"서울 구로구 경인로 662, 지하1층 편의점"
구로구,"서울 구로구 경인로 661, 154호"
구로구,"서울 구로구 신도림로 16,  101호(신도림동 642, 대림2차)"
구로구,"서울 구로구 경인로35길 38, 1층 (개봉동 149-20)"
구로구,"서울 구로구 경인로43길 18, 1층"
구로구,"서울 구로구 경인로40길 41, 107호"
구로구,"서울 구로구 경인로 661, 1104호"
구로구,서울 구로구 경인로47길 10
구로구,서울특별시 구로구 오류동(오류2동) 183-8
구로구,서울특별시 구로구 구로동(구로2동) 84
구로구,서울특별시 구로구 구로동(구로3동) 1124-44
구로구,서울특별시 구로구 구로동(구로3동) 1128-3
구로구,서울특별시 구로구 구로동(구로3동) 222-8
구로구,서울특별시 구로구 구로동(구로3동) 235-2
구로구,"서울 구로구 구일로10길 49 (구로동, 다원그린빌)102-2호"
구로구,고척동339-1
구로구,서울시 구로구 중앙로 14길 31
구로구,서울시 구로구 구일로 110
강서구,서울특별시 강서구 가양동 116-2번지
강서구,서울특별시 강서구 등촌동 631번지 103호
강서구,서울시 강서구 강서로48길 21(내발산동 676-11)
강서구,서울시 강서구 화곡3동 1036-35
강서구,서울특별시 강서구 화곡동 986-1번지
강서구,서울시 강서구 곰달래로53길 121 1층
강서구,"서울 강서구 공항대로45가길 11, 1층 101호 (등촌1동 656-52, 강서메트로칸)"
강서구,서울 강서구 방화동 559-5
강서구,"서울 강서구 강서로47길 108,  102호(내발산동 742, 수명산파크1단지)"
강서구,"서울 강서구 공항대로65길 26, 1층 105호 (염창동 275-8, 태산빌딩)"
강서구,서울 강서구 강서로8길 200 (화곡4동 791-12)
강서구,"서울 강서구 가로공원로 188, 1층 (화곡1동 372-2)"
강서구,"서울 강서구 곰달래로49길 112, 1층 (화곡4동 465-8)"
강서구,서울 강서구 화곡동 981-15 1층
강서구,"서울 강서구 강서로18바길 2,  101호(화곡8동 155-28, 다솜하우스)"
강서구,서울 강서구 화곡동 404-6 1층
강서구,"서울 강서구 가로공원로76길 100, 1층(화곡1동 359-54)"
강서구,서울 강서구 화곡동 1098-9 1층
강서구,서울 강서구 화곡동 504-87 지층
강서구,"서울 강서구 양천로6길 57, 상가동 101호 (방화2동 874, e편한세상아파트)"
강서구,"서울 강서구 양천로 401, A동 103호 (가양동 1498, 강서한강자이타워)"
강서구,"서울 강서구 방화대로6라길 26, 1층 (공항동 1349)"
강서구,서울특별시 강서구 화곡동(화곡1동) 898-1
강서구,서울특별시 강서구 화곡동(화곡1동) 902-10
강서구,서울특별시 강서구 화곡동(화곡본동) 98-253
강서구,등촌동647-40
강서구,등촌동366-137
강서구,등촌동696-1 새한프라자101호
강서구,공항동 1354-6
강서구,"방화3동 831번지 105,106호"
강서구,방화동 830
강서구,화곡동55-88
강서구,서울특별시 강서구 화곡동 70-33
강서구,화곡동353-1
강서구,서울시 강서구 등촌동 683번지 
강서구,서울시 강서구 공항대로 41길 76 104호
금천구,서울특별시 금천구 가산동 147-7번지
금천구,서울특별시 금천구 독산동 988-13번지
금천구,서울특별시 금천구 시흥동 839번지
금천구,서울특별시 금천구 가산동60-44번지 이엔씨드림타워7차아파트 104호
금천구,서울특별시 금천구 독산동910-6번지
금천구,"서울 금천구 독산로29길 13, 1층 (시흥1동 844-31)"
금천구,서울 금천구 독산로106길 19 (독산3동 878-41)
금천구,서울 금천구 가산로5길 66(가산동 236-10)
금천구,서울 금천구 독산동 286-8 13번지
금천구,서울 금천구 독산동 144-49
금천구,서울 금천구 가산동 680우림라이온스밸리2차113
금천구,서울 금천구 독산동 196-21 1층
금천구,"서울 금천구 금하로24가길 4, 1층(시흥5동 915)"
금천구,서울특별시 금천구 가산동(가산동) 60-25
금천구,서울 금천구 가산동  345-90
영등포구,서울특별시 영등포구 당산동6가 324-5번지
영등포구,서울시 영등포구 대림1동 868-15
영등포구,서울특별시 영등포구 문래동3가77-2번지 물래공원한신아파트
영등포구,서울특별시 영등포구 양평동5가 106-1번지
영등포구,서울특별시 영등포구 영등포동1가54번지
영등포구,서울특별시 영등포구 여의도동 44-5번지 솔로몬투자증권
영등포구,서울특별시 영등포구 여의도동 43-4번지 롯데캐슬아이비
영등포구,서울특별시 영등포구 여의도동41-2번지 대교상가 비-
영등포구,서울 영등포구 선유동1로 12-1(당산동2가 111)
영등포구,서울 영등포구 디지털로54가길 2(대림2동 1024-11)
영등포구,서울 영등포구 대림동 962-4 제3호
영등포구, 대림로29길 43 (대림3동 808-26)
영등포구,서울 영등포구 대림3동 710
영등포구,서울 영등포구 여의도동 45-13외1필지포레스텔빌딩101
영등포구,서울 영등포구 문래동3가 55-5
영등포구,서울 영등포구 도림로 441-1 (문래동2가 15-1)
영등포구,"서울 영등포구 경인로 775, 112호 (문래동3가 55-20, 에이스하이테크시티)"
송파구,삼전동 22-20
영등포구,서울 영등포구 문래동6가 8임광그대가1층상가123호
영등포구,서울 영등포구 경인로114가길 4 (영등포동1가 79-1)
영등포구,서울 영등포구 신길로 36(신길6동 4677)
영등포구,"서울 영등포구 양산로7길 3, 105호 (양평동3가 17-1, 우림보보카운티오피스텔)"
영등포구,서울 영등포구 양평동4가 161-6
영등포구,서울 영등포구 양화동 32-2번지
영등포구,서울 영등포구 양화동 100-2번지
영등포구,서울 영등포구 여의도동 61-5리버타워102
영등포구,서울 영등포구 영등포동8가 48-1 1층
영등포구,서울 영등포구 영등포동7가 69-9
영등포구,서울 영등포구 도림동 226-1 도림빌딩 101
영등포구,서울 영등포구 영등포동4가 65-3번지
영등포구,대림로29길 24(대림3동)
영등포구,도신로60길 2(신길1동)
영등포구,도림로 322(신길3동)
영등포구,국제금융로2길 7(여의도동)
영등포구,여의도동(여의동) 86-5
영등포구,여의동로 343
영등포구,여의공원로 119(여의도동)
영등포구,여의도동(여의동) 83-6
영등포구,서울시 영등포구 당산동6가 306-1 그린빌 101호
영등포구,서울시 영등포구 신길도 1300 정오빌딩 1층 9호
동작구,서울특별시 동작구 노량진1동 50-2번지 원남빌딩
동작구,서울특별시 동작구 노량진동 244-67번지
동작구,서울특별시 동작구 노량진동 244-12번지
동작구,서울특별시 동작구노량진동 71-4 이데아빌딩 1층
동작구,"서울특별시 동작구 노량진동 2층 2동 201호,202호"
동작구,서울특별시 동작구 상도동 450번지 상도동래미안1차아파트 상가동
동작구,서울특별시 동작구 상도동 211-225번지
동작구,서울특별시 동작구 상도동 208-14 1층
동작구,서울특별시 동작구 상도1동 312 1층
동작구,서울특별시 동작구 대방동(대방동) 393-65
동작구,서울특별시 동작구 대방동(대방동) 400-3
동작구,서울특별시 동작구 대방동 37-2
동작구,서울특별시 동작구 대방동 376-5
동작구,서울특별시 동작구 동작동 102-31번지 환빌딩 B
동작구,서울특별시 동작구 사당동 71-1번지
동작구,서울특별시 동작구 동작대로17길 10(사당1동 1005-54)
동작구,"서울특별시 동작구 동작대로35길 18, 1층 (사당동 39-18)"
동작구,"서울특별시 동작구 현충로 257, 431-02호  (동작동 327-1, 4호선 동작역 Dongjak s.t)"
동작구,서울특별시 동작구 사당동(사당1동) 1030-10
동작구,서울특별시 동작구 사당로23길 2  1층(사당동)
동작구,서울특별시 동작구 사당동 202-28
동작구,서울특별시 동작구 사당동 272-38
동작구,서울특별시 동작구 사당동67-6
동작구,서울특별시 동작구 사당동1132
동작구,서울특별시 동작구 신대방동360-115번지
동작구,서울특별시 동작구 여의대방로22길 78(신대방2동 361-55)
동작구,서울특별시 동작구 신대방동 395-69 아카데미 1층
동작구,서울특별시 동작구 장승배기로 122
관악구,서울특별시 관악구 봉천동 1685-29번지
관악구,관악구 신림동 1457-1
관악구,서울특별시 관악구 신림동 1559-20번지
관악구,"관악로29길 6-14(구,봉천동 7-74)"
관악구,관악구 조원동 533-26 1층
관악구,관악구 양지5길 2 1층
관악구,관악구 남부순환로 1536
관악구,서울특별시 관악구 봉천동 1632-10번지
관악구,서울특별시 관악구 신림동 1564-55번지
관악구,서울 관악구 관악로17길 25(청룡동 876-1)
관악구,"서울 관악구 관악로 125, 상가 101호 (청룡동 1591-2, 삼우아파트)"
관악구,서울 관악구 봉천동 878-1 지층 B01호
관악구,"서울 관악구 관악로30길 17, 1층(청림동 16-6)"
관악구,서울 관악구 남현동 602-11
관악구,"서울 관악구 봉천동 1687-28,29"
관악구,서울 관악구 남현동 602-38 1층
송파구,거여동348
관악구,"서울 관악구 은천로 143,  105호(봉천동 1719-1, 동부상가)"
관악구,"서울 관악구 봉천로21나길 35, 1층 101호 (보라매동 649-54, 전망좋은집)"
관악구,서울 관악구 관악로14가길 45(낙성대동 1617-1)
관악구,서울 관악구 봉천로6길 30
관악구,서울 관악구 남부순환로 1578(신원동 1587-2)
관악구,서울 관악구 신림로 304(서원동 1641-38)
관악구,서울 관악구 봉천동 180-205 1층
관악구,"서울 관악구 난곡로 288, ,1,2층 (미성동 1567-1, 남진빌딩)"
관악구,서울 관악구 봉천동  930-39
관악구,서울 관악구 신림동  1641-99
관악구,서울시 관악구 관악로 15길 39  (봉천동  877-1)
관악구,서울 관악구 신림동  1424-4 1층
관악구,서울시 관악구 난곡로 348 (신림동  514-20)
관악구,서울시 관악구 봉천로214 (신림동  1444-1)
관악구,봉천동 1598-1
관악구,봉천동 913-1
관악구,봉천동 870-10 해주타워 1층
관악구,봉천동 862-9
관악구,봉천동 868-1
관악구,서울특별시 관악구 신림동 1531-1
관악구,신림동 511-4
관악구,봉천동950-25
관악구,서울시 관악구 신림로97 가동
관악구,서울시 관악구 호암로24길 56 1층(신림동)
관악구,서울시 관악구 신림동 1438-1
관악구, 서울시 관악구 신림동 1655-2
서초구,서울특별시 서초구 서초동 1679-5번지
서초구,서초구 사평대로53길 27
서초구,서초구 사평대로55길 94
서초구,서초구 반포동717-11번지(주흥길 69)
서초구,서울특별시 서초구 방배본동 763-1번지
서초구,서울특별시 서초구 방배동1457번지
서초구,서울특별시 서초구 우면동 721-1번지 우면프라자 104호
서초구,서울특별시 서초구 양재동 254-5번지
서초구,서울특별시 서초구 신원동214번지
서초구,서울특별시 서초구 염곡동 106-7번지
서초구,서울 서초구 서초동 1635-6 1층
서초구,서울 서초구 효령로72길
서초구,서울특별시 서초구 서초3동 1467-65
서초구,서울 서초구 서초동 1568-5 1층
서초구,서초구 서초대로73길 54 (서초4동 1309-1) 디오빌상가 110호
서초구,"서울 서초구 신반포로 329, 1층 1,2호 (잠원동 40-9, 세기빌딩)"
서초구,"서울 서초구 신반포로3길 7, E블록 2-1호 (반포동 817)"
서초구,서초구 반포1동 718-9 (사평대로53길 103)
서초구,서초구 사평대로55길 37
서초구,서초구 사평대로53길 36(반포1동 734-22)
서초구,서울 서초구 방배로 146 (방배동 898-6)
서초구,서울 서초구 방배천로4길 48(방배2동 448-5)
서초구,"서울 서초구 서초대로27길 57, 1층 102호 (방배동 850-3)"
서초구,서울 서초구 우면동 한일프라자 104
서초구,서울 서초구 논현로 5길 18 1층(쌍용빌딩)
서초구,서울 서초구 양재대로11길 19 (양재동 221)
서초구,서울특별시 서초구 서초2동 1327-1
서초구,서초3동  1589-12오영빌딩1
서초구,서초3동  1600-7 동양라디안
서초구,서초3동 1454-3
서초구,서초3동 1593-7
서초구,신반포로43길 23-4
서초구,반포1동 737
서초구,반포2동 115-5
서초구,잠원동(반포3동) 122-1 (반포한강공원 내)
서초구,반포4동 58-7
서초구,방배본동 2133
서초구,방배2동 442-3
서초구,방배2동 421-1
서초구,방배2동 450-8
서초구,방배2동 445-5
서초구,방배3동  985-20
서초구,방배3동 477-3
서초구,방배3동 982-2
서초구,양재1동 13-14
서초구,양재1동 8-71
서초구,양재2동 242-8
서초구,사임당로17길 113(서초동 1668-12)
서초구,서초동1344-29
서초구,서초동 257-1
서초구,서초대로77길 27 (서초동 1307-28)
서초구,강남대로61길 25 (서초동 1316-1)
서초구,신반포로 41
서초구,사평대로55길 123(사평대로 57길 44)
서초구,"잠원동 76-7
(반포대로 300-3)"
서초구,서래로6길 4 가나빌딩 1층(반포동)
서초구,방배본동 727-3
서초구,방배동 761-7
서초구,방배2동 957-3
서초구,서울특별시 서초구 양재2동 242-8
서초구,서울특별시 서초구 염곡동 106-7번지
강남구,서울특별시 강남구 역삼동 703-8번지
강남구,서울특별시 강남구 역삼1동 825-20번지
강남구,강남구 선릉로10길 4
강남구,서울시 강남구 대치동 891-42번지
강남구,서울시 강남구 대치동 943-24번지 110호
강남구,서울시 강남구 대치동 961-13번지
강남구,서울시 강남구 대치동 932-36 (삼성로63길 5 예영빌딩 1층)
강남구,서울특별시 강남구 대치동 907번지 한협빌딩 101호
강남구,서울시 강남구 대치동 889-75번지
강남구,서울특별시 강남구 역삼동 708-26번지 SK허브오피스텔
강남구,서울특별시 강남구 삼성동 37-16번지
강남구,서울특별시 강남구 신사동 613-3번지
강남구,서울시 강남구 역삼동 774-4번지 가화주택 101호
강남구,서울특별시 강남구 역삼동 788-26번지
강남구,서울시 강남구 역삼동 722번지 경남아너스빌 상가 101호
강남구,서울시 강남구 역삼동 835-6번지 송현빌딩 주 1층 1동
강남구,서울시 강남구 역삼동 689-34번지
강남구,서울특별시 강남구 역삼동 736-24번지 엘지에클라트 101호
강남구,서울특별시 강남구 역삼동 735-11번지 101호
강남구,서울특별시 강남구 역삼동 705번지
강남구,서울특별시 강남구 역삼동 837-2번지
강남구,서울시 강남구 역삼동 735-32번지
강남구,서울특별시 강남구 역삼동 761-2번지
강남구,서울특별시 강남구 역삼동 837-8번지
강남구,서울특별시 강남구 역삼동 627번지
강남구,서울특별시 강남구 역삼동 797-16번지
강남구,서울특별시 강남구 역삼동 790-20번지
강남구,서울특별시 강남구 역삼동 677-25번지
강남구,서울특별시 강남구 역삼동649-4번지
강남구,서울특별시 강남구 도곡동543-7번지 도곡1차아이파크아파트
강남구,서울특별시 강남구 논현동203-1번지
강남구,서울특별시 강남구 논현동118번지
강남구,서울특별시 강남구 대치동921-17번지
강남구,서울특별시 강남구 역삼동730-13번지
강남구,서울특별시 강남구 논현동192-19번지
강남구,서울 강남구 삼성동 143-28 동원빌딩
강남구,서울 강남구 삼성동 166-7건호빌딩
강남구,"서울 강남구 봉은사로37길 13, 1층 (논현동 232-5)"
강남구,"서울시 강남구 논현동 229-26(논현로114길 11,  B1호, 혜광빌딩)"
강남구,서울 강남구 도곡동 411-16
강남구,"서울 강남구 남부순환로365길 56, 104호 (도곡동 895-4)"
강남구,서울 강남구 삼성로119길 37(삼성2동 26-17)
강남구,서울 강남구 논현로153길 46(신사동 555-13)
강남구,서울 강남구 역삼동 789-30번지
강남구,"서울 강남구 도곡로21길 18 (역삼1동 796-26, 삼정빌딩)"
강남구,서울 강남구 청담동 16-19 1층 101호
강남구,서울 강남구 청담동 21-9
강남구,서울시 강남구 개포동 1255-6
강남구,"서울 강남구 테헤란로77길 7(삼성2동 143-28, 동원빌딩)"
강남구,"서울 강남구 강남대로 708, 1층 (압구정동 386-1, 한남대교레인보우카폐)"
강남구,"서울 강남구 테헤란로33길 7, 1층 A호(역삼1동 678-28)"
강남구,서울 강남구 테헤란로37길 41 (역삼1동 673-18)
강남구,"서울 강남구 자곡동 강남보금자리주택지구A6BL상가B01,B02"
강남구,"서울 강남구 삼성로145길 16, 1층 (청담동 7-9, 청원빌딩)"
강남구,서울 강남구 강남대로110길 26 (역삼동 811-4)
강남구,"서울 강남구 개포로22길 40, 1층 (개포4동 1219-5)"
강남구,서울 강남구 개포로25길 15(개포4동 1255-6)
강남구,"서울 강남구 개포로 508, 109호,110호 (개포2동 186-15, 소망빌딩)"
강남구,"서울 강남구 언주로147길 10, 1층 (논현동 63-19)"
강남구,"서울 강남구 논현로8길 21, 1층 (개포동 1187-6)"
강남구,서울 강남구 봉은사로26길 26 (역삼동 608-12)
강남구,서울 강남구 테헤란로63길 17 (삼성동 140-35)
강남구,서울 강남구 개포로20길 12(개포4동 1232)
강남구,"서울 강남구 일원로5길 6, 1층 (일원1동 682)"
강남구,"서울 강남구 봉은사로30길 78, 1층 (역삼동 668-21)"
강남구,"서울 강남구 테헤란로2길 27, 13층(역삼1동 826-26, 비전타워)"
강남구,"서울 강남구 논현로93길 3, 1층 (역삼동 642-5, 호양빌딩)"
강남구,서울 강남구 논현로146길 11(논현2동 66-35)
강남구,  서울 강남구 논현동 195-1외2필지논현이편한세상
강남구,서울 강남구 논현동 254-22번지 1층
강남구,서울 강남구 논현로63길 19(역삼1동 798-29)
강남구,"서울 강남구 논현로72길 13, 1층 (역삼동 769-8, MSPACE빌딩)"
강남구,"서울 강남구 테헤란로38길 6 (역삼2동 719-21, MeMo빌딩)"
강남구,서울 강남구 언주로108길 6 (역삼1동 688-1)
강남구,"서울 강남구 삼성로107길 31, 1층 (삼성동 123-4)"
강남구,"서울 강남구 역삼로3길 10, 1층 (역삼동 830-28)"
강남구,서울시 강남구 개포동 12-4
강남구,서울시 강남구 개포동(개포4동) 1192-4
강남구,서울시 강남구 논현동 158-8
강남구,서울시 강남구 논현동 175-1
강남구,서울시 강남구 논현동 183-11
강남구,서울시 강남구 논현동 248-2
강남구,서울시 강남구 논현동 278-19
강남구,서울시 강남구 논현동 86-4
강남구,서울시 강남구 대치동  891-26 대우아이빌
강남구,서울시 강남구 대치동 891-6
강남구,서울시 강남구 대치동 943-24
강남구,서울시 강남구 대치동 946
강남구,서울시 강남구 대치동(대치1동) 651
강남구,서울시 강남구 대치동(대치1동) 670-1
강남구,서울시 강남구 대치동(대치4동) 890-59
강남구,서울시 강남구 대치동(대치4동) 894-5
강남구,서울시 강남구 대치동(대치4동) 940-6
강남구,서울시 강남구 도곡동(도곡1동) 942-11
강남구,서울시 강남구 삼성동 140-3
강남구,서울시 강남구 삼성동 36-25
강남구,서울시 강남구 삼성동(삼성1동) 160-22
강남구,서울시 강남구 삼성동(삼성1동) 65
강남구,"서울시 강남구 수서동 713, 현대벤처10호"
강남구,서울시 강남구 신사동  610-4(압구정로 30길 18)
강남구,서울시 강남구 신사동 577
강남구,서울시 강남구 신사동 590-22
강남구,서울시 강남구 신사동 636-2
강남구,서울시 강남구 신사동 653-18
강남구,서울시 강남구 신사동 657-28
강남구,서울시 강남구 역삼동 659-20
강남구,서울시 강남구 역삼동(역삼1동) 643-10
강남구,서울시 강남구 역삼동(역삼1동) 700-29
강남구,서울시 강남구 역삼동(역삼1동) 827-70
강남구,서울시 강남구 역삼동(역삼1동) 831-3
강남구,서울시 강남구 역삼동(역삼2동) 719-9
강남구,서울시 강남구 역삼동(역삼2동) 720-25
강남구,서울시 강남구 일원동 700-10
강남구,서울시 강남구 청담동(청담동) 124-4
강남구,서울시 강남구 청담동(청담동) 21-17
강남구,서울시 강남구 삼성동 152
강남구,서울시 강남구 역삼동 816-4 강남대로96길 5
강남구,개포동 168-11
강남구,개포3동 186-17
강남구,논현동 203-1 거평오피스탈 1층 3호
강남구,서울시 강남구 논현1동 139
강남구,논현동 113-16
강남구,서울 강남구 논현동 273-13
강남구,대치1동 919-16
강남구,서울시 강남구 대치2동 894-3 동아빌딩
강남구,서울시 강남구 대치동 888-1 상가동 104호
강남구,서울 강남구 대치동 960-15번지
강남구,대치동 511
강남구,도곡동 900-2
강남구,서울 강남구 삼성동 27-17
강남구,삼성동 41-21
강남구,"삼성동 7-2 레미안아파트 상가 101, 102호"
강남구,포이동 196
강남구,"신사동 638-2, 3"
강남구,서울 강남구 역삼동 773번지
강남구,서울시 강남구 역삼동 813-18
강남구,서울특별시 강남구 역삼2동 708-34 유화빌딩 1층   
강남구,역삼동 739 건영빌딩 1층
강남구,역삼동 827-44
강남구,청담동72-3
강남구,서울 강남구 테헤란로68길 33
강남구,서울 강남구 개포로28길 15 1층
강남구,서울 강남구 선릉로 641 우암빌딩
강남구,서울 강남구 언주로 517 102호/202호
강남구,서울 강남구 언주로 79길 33
강남구, 서울시 강남구 삼성동 106-6
송파구,서울 송파구 동남로 18길 14
송파구,서울특별시 송파구 문정동 121-7번지
송파구,서울시 송파구 마천로 2
송파구,서울특별시 송파구 오금동(오금동) 72-9
송파구,서울특별시 송파구 잠실동 40번지 갤러리아팰리스 1동 109호
송파구,서울특별시 송파구 잠실동(잠실본동) 337-3
송파구,서울특별시 송파구 방이동162번지 왕천시티빌딩
송파구,서울특별시 송파구 문정동191-6번지
송파구,"서울 송파구 새말로 154, 1층 3,4호 (장지동 99-7, 아이원빌딩)"
송파구,서울 송파구 방이동 107-3
송파구,서울 송파구 위례성대로18길 28(방이1동 203-4)
송파구,서울 송파구 백제고분로48길 38 (방이동 122-7)
송파구,서울 송파구 삼전동 16 1층
송파구,서울 송파구 삼전동 120 1층
송파구,서울 송파구 삼전동 69-13번지 1층코너
송파구,서울 송파구 석촌동 245-27번지 1층
송파구,서울 송파구 송파동 17-10 1층
송파구,  서울 송파구 장지동 위례신도시A1-11BL상가102
송파구,  서울 송파구 장지동 위례신도시A1-8BL상가107호
송파구,"서울 송파구 위례광장로 185, 상가동 103호 (장지동 878, 위례신도시 송파푸르지오)"
송파구,"서울 송파구 동남로23길 29, 1층(오금동 58-10)"
송파구,서울 송파구 거마로24길 5 (마천2동 47-7)
송파구,서울 송파구 새말로8길 27(장지동 76-1)
송파구,"서울 송파구 문정로4길 10-30, 1층(문정1동 61-7)"
송파구,"서울 송파구 올림픽로 25(잠실2동 10-1, 잠실야구장)"
송파구,서울 송파구 올림픽로 25(잠실2동 10)
송파구,서울 송파구 송파대로36가길 1 (송파동 180-4)
송파구,서울특별시 송파구 송파동(송파2동) 148-3
송파구,서울특별시 송파구 방이동(방이2동) 112
송파구,서울특별시 송파구 방이동(방이2동) 124-20
송파구,서울특별시 송파구 방이동(방이2동) 49-5
송파구,서울특별시 송파구 삼전동(삼전동) 46
송파구,서울 송파구 가락동 160 성윤빌딩
송파구,가락본동 57
송파구,서울 송파구 가락2동 175-13호
송파구,문정동 138
송파구,서울 송파구 방이동 201 1층
송파구,석촌동 285-4
송파구,석촌동182
송파구,방이동 70
송파구,방이동 22-5
송파구,삼전동179-5
송파구,석촌동211-5 101호
송파구,서울특별시 송파구 송파동 195-6 101호
송파구,송파동 100-1
송파구,서울특별시 송파구 잠실동 231-4
송파구,송파동132-16
송파구,서울 송파구 잠실동 203
송파구,오금동 16893
송파구,방이동 89
송파구,잠실동 228-9
송파구,잠실동 209-9
송파구,서울 송파구 잠실동 245-16 103호
송파구,장지동 장지택지개발지구 D-2 대진프라자 104호
송파구,문정동 150
송파구,서울 송파구 토성로 40
송파구,서울 송파구 백제고분로7길 42-25 1층일부
송파구,"서울특별시 송파구 송파대로 111 하비오길 중앙로 110동 113,114호(문정동) "
송파구,서울특별시 송파구 문정로4길 10 1층 102호 
송파구, 서울시 송파구 신천동(잠실4동) 20-4
송파구, 서울시 송파구 잠실동(잠실본동) 297-3
강동구,서울특별시 강동구 강일동 670번지 강일리버파크5단지아파트 상가
강동구,서울 강동구 길동 412-8
강동구,서울시 강동구 천호예12길18
강동구,서울특별시 강동구 암사동442-1번지 한강현대아파트
강동구,구천면로33길 11
강동구,"서울 강동구 고덕로20마길 29, 1층 (암사1동 469-30)"
강동구,서울 강동구 동남로81길 44(고덕1동 503)
강동구,"서울 강동구 진황도로 100,  외1필지 1층 108호(길동 456-2, 길동하이브)"
강동구,서울 강동구 천호대로198길 32(둔촌2동 611-1)
강동구,"서울 강동구 풍성로37길 41, 1층 (성내2동 139-4)"
강동구,"서울 강동구 성안로13길 38, 1층 101호 (성내2동 505-4)"
강동구,"서울 강동구 천호대로170길 66, 1층 (성내동 501-21)"
강동구,"서울 강동구 양재대로95길 47, 1층 (성내3동 410-4)"
강동구,"서울 강동구 천호대로168길 25 (성내동 196-8, 코오롱아파트)"
강동구,서울 강동구 암사동 478 1층
강동구,"서울 강동구 올림픽로98길 50, 1층 코너(암사1동 496-11)"
강동구,서울 강동구 암사동 422-13
강동구,"서울 강동구 구천면로47가길 33, 1층 (암사1동 490-29)"
강동구,"서울 강동구 고덕로27길 28, 현대@상가101,2호(암사3동 400-5)"
강동구,강동구 길동 393-7
강동구,"서울 강동구 천중로17길 28, 1층(천호2동 301)"
강동구,"서울 강동구 올림픽로 651, 1층(천호2동 431-4, 예경빌딩)"
강동구,"서울 강동구 천중로35길 66, 1층(천호1동 48-1)"
강동구,서울 강동구 천호동 112-5 1층
강동구,"서울 강동구 양재대로 1367, 103호 (성내3동 416-4)"
강동구,"서울 강동구 명일로 275, 1층 (길동 48)"
강동구,서울특별시 강동구 천호동(천호2동) 416-19
강동구,서울특별시 강동구 길동(길동) 470-1
